,z=0.003,z=0.005,z=0.01,z=0.03,z=0.05,z=0.1,z=0.2,z=0.3,z=0.6,z=0.8,z=1.0,z=1.2,z=1.5,Vr
0,30.0,30.0,30.0,30.0,30.0,30.0,30.0,30.0,30.0,30.0,30.0,30.0,30.0,2.5
1,30.0,30.0,30.0,30.0,30.0,30.0,30.0,30.0,30.0,30.0,30.0,30.0,30.0,2.5519651379648733
2,30.0,30.0,30.0,30.0,30.0,30.0,30.0,30.0,30.0,30.0,30.0,30.0,30.0,2.6018960015527277
3,28.28140703517588,29.457286432160803,30.0,30.0,30.0,30.0,30.0,30.0,30.0,30.0,30.0,30.0,30.0,2.649980701740263
4,26.743718592964825,28.01005025125628,29.728643216080403,30.0,30.0,30.0,30.0,30.0,30.0,30.0,30.0,30.0,30.0,2.696380972776919
5,25.47738693467337,26.653266331658294,28.462311557788944,30.0,30.0,30.0,30.0,30.0,30.0,30.0,30.0,30.0,30.0,2.741237004937536
6,24.301507537688444,25.5678391959799,27.28643216080402,30.0,30.0,30.0,30.0,30.0,30.0,30.0,30.0,30.0,30.0,2.7846712036911834
7,23.30653266331658,24.482412060301506,26.291457286432163,29.457286432160803,30.0,30.0,30.0,30.0,30.0,30.0,30.0,30.0,30.0,2.826791151789673
8,22.492462311557787,23.668341708542712,25.386934673366834,28.55276381909548,30.0,30.0,30.0,30.0,30.0,30.0,30.0,30.0,30.0,2.8676919706237225
9,21.678391959798994,22.85427135678392,24.57286432160804,27.64824120603015,29.27638190954774,30.0,30.0,30.0,30.0,30.0,30.0,30.0,30.0,2.9074582226522527
10,20.954773869346734,22.13065326633166,23.84924623115578,26.92462311557789,28.55276381909548,30.0,30.0,30.0,30.0,30.0,30.0,30.0,30.0,2.946165458897548
11,20.321608040201006,21.49748743718593,23.12562814070352,26.201005025125628,27.82914572864322,30.0,30.0,30.0,30.0,30.0,30.0,30.0,30.0,2.983881488837429
12,19.77889447236181,20.8643216080402,22.492462311557787,25.5678391959799,27.195979899497488,29.63819095477387,30.0,30.0,30.0,30.0,30.0,30.0,30.0,3.020667430934804
13,19.236180904522612,20.321608040201006,21.949748743718594,25.025125628140703,26.56281407035176,29.00502512562814,30.0,30.0,30.0,30.0,30.0,30.0,30.0,3.0565785881813285
14,18.69346733668342,19.77889447236181,21.407035175879397,24.482412060301506,26.020100502512562,28.462311557788944,30.0,30.0,30.0,30.0,30.0,30.0,30.0,3.09166518283301
15,18.331658291457288,19.326633165829147,20.954773869346734,23.939698492462313,25.5678391959799,27.91959798994975,30.0,30.0,30.0,30.0,30.0,30.0,30.0,3.1259729769227698
16,17.879396984924625,18.964824120603016,20.50251256281407,23.48743718592965,25.025125628140703,27.376884422110553,29.90954773869347,30.0,30.0,30.0,30.0,30.0,30.0,3.1595437994196227
17,17.517587939698494,18.51256281407035,20.14070351758794,23.035175879396988,24.57286432160804,26.92462311557789,29.457286432160803,30.0,30.0,30.0,30.0,30.0,30.0,3.192415996557802
18,17.155778894472363,18.150753768844222,19.688442211055275,22.582914572864322,24.120603015075375,26.472361809045225,29.00502512562814,30.0,30.0,30.0,30.0,30.0,30.0,3.2246248185223245
19,16.79396984924623,17.78894472361809,19.326633165829147,22.22110552763819,23.758793969849247,26.020100502512562,28.55276381909548,30.0,30.0,30.0,30.0,30.0,30.0,3.256202753092921
20,16.522613065326635,17.517587939698494,18.964824120603016,21.859296482412063,23.396984924623116,25.65829145728643,28.190954773869347,29.728643216080403,30.0,30.0,30.0,30.0,30.0,3.2871798148296336
21,16.160804020100503,17.155778894472363,18.69346733668342,21.49748743718593,23.035175879396988,25.2964824120603,27.82914572864322,29.27638190954774,30.0,30.0,30.0,30.0,30.0,3.3175837967945374
22,15.889447236180905,16.884422110552762,18.42211055276382,21.1356783919598,22.673366834170857,24.934673366834172,27.376884422110553,28.91457286432161,30.0,30.0,30.0,30.0,30.0,3.3474404905443156
23,15.618090452261306,16.613065326633166,18.060301507537687,20.8643216080402,22.311557788944725,24.57286432160804,27.105527638190956,28.55276381909548,30.0,30.0,30.0,30.0,30.0,3.3767738791227573
24,15.43718592964824,16.34170854271357,17.78894472361809,20.592964824120603,22.040201005025125,24.301507537688444,26.743718592964825,28.28140703517588,30.0,30.0,30.0,30.0,30.0,3.405606306974206
25,15.165829145728644,16.160804020100503,17.608040201005025,20.321608040201006,21.768844221105528,23.939698492462313,26.381909547738694,27.91959798994975,30.0,30.0,30.0,30.0,30.0,3.4339586300457787
26,14.984924623115578,15.889447236180905,17.33668341708543,20.050251256281406,21.49748743718593,23.668341708542712,26.110552763819094,27.55778894472362,30.0,30.0,30.0,30.0,30.0,3.4618503488150494
27,14.71356783919598,15.708542713567839,17.06532663316583,19.77889447236181,21.22613065326633,23.396984924623116,25.8391959798995,27.28643216080402,29.728643216080403,30.0,30.0,30.0,30.0,3.4892997265457057
28,14.532663316582916,15.43718592964824,16.884422110552762,19.507537688442213,20.954773869346734,23.12562814070352,25.47738693467337,27.015075376884422,29.457286432160803,30.0,30.0,30.0,30.0,3.516323894716852
29,14.35175879396985,15.256281407035175,16.613065326633166,19.236180904522612,20.683417085427138,22.85427135678392,25.20603015075377,26.743718592964825,29.185929648241206,30.0,30.0,30.0,30.0,3.542938947276985
30,14.170854271356784,15.075376884422111,16.4321608040201,19.055276381909547,20.50251256281407,22.582914572864322,25.025125628140703,26.472361809045225,28.91457286432161,29.728643216080403,30.0,30.0,30.0,3.5691600251291695
31,13.989949748743719,14.894472361809045,16.251256281407034,18.87437185929648,20.231155778894472,22.402010050251256,24.753768844221106,26.201005025125628,28.64321608040201,29.457286432160803,30.0,30.0,30.0,3.5950013920501926
32,13.809045226130653,14.71356783919598,16.07035175879397,18.603015075376884,20.050251256281406,22.13065326633166,24.482412060301506,25.92964824120603,28.371859296482413,29.185929648241206,29.728643216080403,30.0,30.0,3.62047650307596
33,13.628140703517587,14.532663316582916,15.889447236180905,18.42211055276382,19.77889447236181,21.949748743718594,24.21105527638191,25.65829145728643,28.100502512562816,28.91457286432161,29.457286432160803,29.819095477386934,30.0,3.6455980662420644
34,13.537688442211055,14.35175879396985,15.708542713567839,18.241206030150753,19.597989949748744,21.678391959798994,24.030150753768844,25.47738693467337,27.82914572864322,28.733668341708544,29.27638190954774,29.547738693467338,29.819095477386934,3.670378098447601
35,13.35678391959799,14.261306532663317,15.527638190954773,18.060301507537687,19.417085427135678,21.49748743718593,23.758793969849247,25.20603015075377,27.55778894472362,28.462311557788944,29.00502512562814,29.366834170854272,29.547738693467338,3.694827976107917
36,13.266331658291458,14.080402010050252,15.34673366834171,17.879396984924625,19.236180904522612,21.316582914572862,23.57788944723618,25.025125628140703,27.376884422110553,28.190954773869347,28.733668341708544,29.095477386934675,29.27638190954774,3.7189584811750116
37,13.085427135678392,13.899497487437186,15.256281407035175,17.698492462311556,19.055276381909547,21.04522613065327,23.396984924623116,24.753768844221106,27.105527638190956,28.01005025125628,28.55276381909548,28.824120603015075,29.095477386934675,3.7427798430301498
38,12.99497487437186,13.809045226130653,15.075376884422111,17.517587939698494,18.87437185929648,20.8643216080402,23.12562814070352,24.57286432160804,26.92462311557789,27.738693467336685,28.28140703517588,28.64321608040201,28.824120603015075,3.7663017766898013
39,12.814070351758794,13.628140703517587,14.984924623115578,17.33668341708543,18.69346733668342,20.683417085427138,22.944723618090453,24.391959798994975,26.653266331658294,27.55778894472362,28.100502512562816,28.371859296482413,28.64321608040201,3.789533517711589
40,12.72361809045226,13.537688442211055,14.804020100502512,17.246231155778894,18.51256281407035,20.50251256281407,22.763819095477388,24.21105527638191,26.472361809045225,27.28643216080402,27.82914572864322,28.190954773869347,28.371859296482413,3.8124838541400843
41,12.633165829145728,13.447236180904522,14.71356783919598,17.06532663316583,18.331658291457288,20.412060301507537,22.582914572864322,23.939698492462313,26.291457286432163,27.105527638190956,27.64824120603015,28.01005025125628,28.190954773869347,3.8351611557918375
42,12.452261306532664,13.266331658291458,14.532663316582916,16.884422110552762,18.241206030150753,20.231155778894472,22.402010050251256,23.758793969849247,26.110552763819094,26.92462311557789,27.467336683417088,27.738693467336685,28.01005025125628,3.8575734011440472
43,12.361809045226131,13.175879396984925,14.442211055276381,16.79396984924623,18.060301507537687,20.050251256281406,22.22110552763819,23.57788944723618,25.92964824120603,26.743718592964825,27.28643216080402,27.55778894472362,27.82914572864322,3.8797282020608748
44,12.271356783919598,13.085427135678392,14.261306532663317,16.613065326633166,17.969849246231156,19.869346733668344,22.040201005025125,23.396984924623116,25.748743718592966,26.56281407035176,27.015075376884422,27.376884422110553,27.55778894472362,3.9016328265649936
45,12.180904522613066,12.99497487437186,14.170854271356784,16.522613065326635,17.78894472361809,19.688442211055275,21.949748743718594,23.21608040201005,25.5678391959799,26.381909547738694,26.834170854271356,27.195979899497488,27.376884422110553,3.923294219838908
46,12.090452261306533,12.814070351758794,14.080402010050252,16.34170854271357,17.608040201005025,19.597989949748744,21.768844221105528,23.12562814070352,25.386934673366834,26.201005025125628,26.653266331658294,27.015075376884422,27.195979899497488,3.944719023620407
47,12.0,12.72361809045226,13.989949748743719,16.251256281407034,17.517587939698494,19.417085427135678,21.587939698492463,22.944723618090453,25.20603015075377,26.020100502512562,26.472361809045225,26.834170854271356,27.015075376884422,3.9659135941388617
48,12.0,12.633165829145728,13.809045226130653,16.160804020100503,17.33668341708543,19.326633165829147,21.407035175879397,22.763819095477388,25.025125628140703,25.8391959798995,26.291457286432163,26.653266331658294,26.834170854271356,3.986884018723552
49,12.0,12.542713567839195,13.71859296482412,15.979899497487438,17.246231155778894,19.14572864321608,21.316582914572862,22.582914572864322,24.844221105527637,25.65829145728643,26.110552763819094,26.472361809045225,26.653266331658294,4.0076361312015525
50,12.0,12.452261306532664,13.628140703517587,15.889447236180905,17.155778894472363,19.055276381909547,21.1356783919598,22.492462311557787,24.663316582914575,25.47738693467337,26.020100502512562,26.291457286432163,26.472361809045225,4.028175526190653
51,12.0,12.361809045226131,13.537688442211055,15.798994974874372,16.974874371859297,18.87437185929648,21.04522613065327,22.311557788944725,24.482412060301506,25.2964824120603,25.8391959798995,26.110552763819094,26.381909547738694,4.048507572382146
52,12.0,12.271356783919598,13.447236180904522,15.708542713567839,16.884422110552762,18.78391959798995,20.8643216080402,22.13065326633166,24.391959798994975,25.115577889447238,25.65829145728643,25.92964824120603,26.201005025125628,4.068637424898877
53,12.0,12.180904522613066,13.35678391959799,15.527638190954773,16.79396984924623,18.603015075376884,20.683417085427138,22.040201005025125,24.21105527638191,25.025125628140703,25.47738693467337,25.8391959798995,26.020100502512562,4.088570036805576
54,12.0,12.090452261306533,13.266331658291458,15.43718592964824,16.7035175879397,18.51256281407035,20.592964824120603,21.859296482412063,24.030150753768844,24.844221105527637,25.2964824120603,25.65829145728643,25.8391959798995,4.108310169841082
55,12.0,12.0,13.175879396984925,15.34673366834171,16.522613065326635,18.42211055276382,20.50251256281407,21.768844221105528,23.939698492462313,24.663316582914575,25.20603015075377,25.47738693467337,25.748743718592966,4.127862404435397
56,12.0,12.0,13.085427135678392,15.256281407035175,16.4321608040201,18.241206030150753,20.321608040201006,21.587939698492463,23.758793969849247,24.57286432160804,25.025125628140703,25.386934673366834,25.5678391959799,4.1472311490686415
57,12.0,12.0,12.99497487437186,15.165829145728644,16.34170854271357,18.150753768844222,20.231155778894472,21.49748743718593,23.57788944723618,24.391959798994975,24.934673366834172,25.20603015075377,25.386934673366834,4.166420649023683
58,12.0,12.0,12.904522613065327,15.075376884422111,16.251256281407034,18.060301507537687,20.050251256281406,21.316582914572862,23.48743718592965,24.21105527638191,24.753768844221106,25.025125628140703,25.2964824120603,4.1854349945794755
59,12.0,12.0,12.814070351758794,14.984924623115578,16.160804020100503,17.969849246231156,19.959798994974875,21.22613065326633,23.30653266331658,24.120603015075375,24.57286432160804,24.934673366834172,25.115577889447238,4.204278128687928
60,12.0,12.0,12.72361809045226,14.894472361809045,16.07035175879397,17.879396984924625,19.869346733668344,21.1356783919598,23.21608040201005,23.939698492462313,24.482412060301506,24.753768844221106,25.025125628140703,4.222953854173314
61,12.0,12.0,12.633165829145728,14.804020100502512,15.979899497487438,17.698492462311556,19.77889447236181,20.954773869346734,23.035175879396988,23.84924623115578,24.301507537688444,24.663316582914575,24.844221105527637,4.241465840489786
62,12.0,12.0,12.542713567839195,14.71356783919598,15.889447236180905,17.608040201005025,19.597989949748744,20.8643216080402,22.944723618090453,23.668341708542712,24.21105527638191,24.482412060301506,24.753768844221106,4.259817630069531
63,12.0,12.0,12.542713567839195,14.623115577889447,15.798994974874372,17.517587939698494,19.507537688442213,20.77386934673367,22.85427135678392,23.57788944723618,24.030150753768844,24.391959798994975,24.57286432160804,4.278012644291275
64,12.0,12.0,12.452261306532664,14.532663316582916,15.708542713567839,17.42713567839196,19.417085427135678,20.592964824120603,22.673366834170857,23.48743718592965,23.939698492462313,24.21105527638191,24.482412060301506,4.296054189096359
65,12.0,12.0,12.361809045226131,14.442211055276381,15.618090452261306,17.33668341708543,19.326633165829147,20.50251256281407,22.582914572864322,23.30653266331658,23.84924623115578,24.120603015075375,24.301507537688444,4.3139454602773535
66,12.0,12.0,12.271356783919598,14.35175879396985,15.527638190954773,17.246231155778894,19.236180904522612,20.412060301507537,22.492462311557787,23.21608040201005,23.668341708542712,23.939698492462313,24.21105527638191,4.331689548462099
67,12.0,12.0,12.180904522613066,14.261306532663317,15.43718592964824,17.155778894472363,19.055276381909547,20.321608040201006,22.311557788944725,23.12562814070352,23.57788944723618,23.84924623115578,24.030150753768844,4.349289443814214
68,12.0,12.0,12.180904522613066,14.170854271356784,15.34673366834171,17.06532663316583,18.964824120603016,20.231155778894472,22.22110552763819,22.944723618090453,23.396984924623116,23.758793969849247,23.939698492462313,4.366748040469426
69,12.0,12.0,12.090452261306533,14.080402010050252,15.256281407035175,16.974874371859297,18.87437185929648,20.050251256281406,22.13065326633166,22.85427135678392,23.30653266331658,23.57788944723618,23.84924623115578,4.3840681407255415
70,12.0,12.0,12.0,14.080402010050252,15.165829145728644,16.884422110552762,18.78391959798995,19.959798994974875,22.040201005025125,22.763819095477388,23.21608040201005,23.48743718592965,23.668341708542712,4.401252459002453
71,12.0,12.0,12.0,13.989949748743719,15.075376884422111,16.79396984924623,18.69346733668342,19.869346733668344,21.859296482412063,22.582914572864322,23.12562814070352,23.396984924623116,23.57788944723618,4.41830362558737
72,12.0,12.0,12.0,13.899497487437186,14.984924623115578,16.7035175879397,18.603015075376884,19.77889447236181,21.768844221105528,22.492462311557787,22.944723618090453,23.30653266331658,23.48743718592965,4.435224190179208
73,12.0,12.0,12.0,13.809045226130653,14.894472361809045,16.613065326633166,18.51256281407035,19.688442211055275,21.678391959798994,22.402010050251256,22.85427135678392,23.12562814070352,23.396984924623116,4.452016625245106
74,12.0,12.0,12.0,13.71859296482412,14.894472361809045,16.522613065326635,18.42211055276382,19.597989949748744,21.587939698492463,22.311557788944725,22.763819095477388,23.035175879396988,23.21608040201005,4.468683329201011
75,12.0,12.0,12.0,13.71859296482412,14.804020100502512,16.4321608040201,18.331658291457288,19.507537688442213,21.49748743718593,22.22110552763819,22.673366834170857,22.944723618090453,23.12562814070352,4.485226629427397
76,12.0,12.0,12.0,13.628140703517587,14.71356783919598,16.34170854271357,18.241206030150753,19.417085427135678,21.407035175879397,22.040201005025125,22.582914572864322,22.85427135678392,23.035175879396988,4.501648785130401
77,12.0,12.0,12.0,13.537688442211055,14.623115577889447,16.251256281407034,18.150753768844222,19.326633165829147,21.22613065326633,21.949748743718594,22.402010050251256,22.763819095477388,22.944723618090453,4.517951990057873
78,12.0,12.0,12.0,13.447236180904522,14.532663316582916,16.251256281407034,18.060301507537687,19.236180904522612,21.1356783919598,21.859296482412063,22.311557788944725,22.582914572864322,22.85427135678392,4.5341383750791895
79,12.0,12.0,12.0,13.447236180904522,14.532663316582916,16.160804020100503,17.969849246231156,19.14572864321608,21.04522613065327,21.768844221105528,22.22110552763819,22.492462311557787,22.763819095477388,4.550210010637042
80,12.0,12.0,12.0,13.35678391959799,14.442211055276381,16.07035175879397,17.879396984924625,19.055276381909547,20.954773869346734,21.678391959798994,22.13065326633166,22.402010050251256,22.673366834170857,4.566168909078821
81,12.0,12.0,12.0,13.266331658291458,14.35175879396985,15.979899497487438,17.78894472361809,18.964824120603016,20.8643216080402,21.587939698492463,22.040201005025125,22.311557788944725,22.492462311557787,4.58201702687472
82,12.0,12.0,12.0,13.266331658291458,14.261306532663317,15.889447236180905,17.698492462311556,18.87437185929648,20.77386934673367,21.49748743718593,21.949748743718594,22.22110552763819,22.402010050251256,4.597756266729154
83,12.0,12.0,12.0,13.175879396984925,14.261306532663317,15.798994974874372,17.698492462311556,18.78391959798995,20.683417085427138,21.407035175879397,21.859296482412063,22.13065326633166,22.311557788944725,4.613388479591679
84,12.0,12.0,12.0,13.085427135678392,14.170854271356784,15.798994974874372,17.608040201005025,18.69346733668342,20.592964824120603,21.316582914572862,21.768844221105528,22.040201005025125,22.22110552763819,4.628915466573142
85,12.0,12.0,12.0,13.085427135678392,14.080402010050252,15.708542713567839,17.517587939698494,18.603015075376884,20.50251256281407,21.22613065326633,21.678391959798994,21.949748743718594,22.13065326633166,4.644338980772459
86,12.0,12.0,12.0,12.99497487437186,13.989949748743719,15.618090452261306,17.42713567839196,18.51256281407035,20.412060301507537,21.1356783919598,21.587939698492463,21.859296482412063,22.040201005025125,4.659660729018996
87,12.0,12.0,12.0,12.904522613065327,13.989949748743719,15.527638190954773,17.33668341708543,18.42211055276382,20.321608040201006,21.04522613065327,21.49748743718593,21.768844221105528,21.949748743718594,4.674882373535273
88,12.0,12.0,12.0,12.904522613065327,13.899497487437186,15.527638190954773,17.246231155778894,18.42211055276382,20.231155778894472,20.954773869346734,21.407035175879397,21.678391959798994,21.859296482412063,4.690005533524364
89,12.0,12.0,12.0,12.814070351758794,13.809045226130653,15.43718592964824,17.246231155778894,18.331658291457288,20.14070351758794,20.8643216080402,21.316582914572862,21.587939698492463,21.768844221105528,4.705031786686073
90,12.0,12.0,12.0,12.814070351758794,13.809045226130653,15.34673366834171,17.155778894472363,18.241206030150753,20.050251256281406,20.77386934673367,21.22613065326633,21.49748743718593,21.678391959798994,4.719962670665769
91,12.0,12.0,12.0,12.72361809045226,13.71859296482412,15.256281407035175,17.06532663316583,18.150753768844222,20.050251256281406,20.683417085427138,21.1356783919598,21.407035175879397,21.587939698492463,4.734799684439443
92,12.0,12.0,12.0,12.633165829145728,13.71859296482412,15.256281407035175,16.974874371859297,18.060301507537687,19.959798994974875,20.592964824120603,21.04522613065327,21.316582914572862,21.49748743718593,4.749544289638379
93,12.0,12.0,12.0,12.633165829145728,13.628140703517587,15.165829145728644,16.884422110552762,17.969849246231156,19.869346733668344,20.50251256281407,20.954773869346734,21.22613065326633,21.407035175879397,4.76419791181661
94,12.0,12.0,12.0,12.542713567839195,13.537688442211055,15.075376884422111,16.884422110552762,17.969849246231156,19.77889447236181,20.412060301507537,20.8643216080402,21.1356783919598,21.316582914572862,4.77876194166412
95,12.0,12.0,12.0,12.542713567839195,13.537688442211055,15.075376884422111,16.79396984924623,17.879396984924625,19.688442211055275,20.321608040201006,20.77386934673367,21.04522613065327,21.22613065326633,4.793237736168599
96,12.0,12.0,12.0,12.452261306532664,13.447236180904522,14.984924623115578,16.7035175879397,17.78894472361809,19.597989949748744,20.231155778894472,20.683417085427138,20.954773869346734,21.22613065326633,4.80762661972837
97,12.0,12.0,12.0,12.361809045226131,13.447236180904522,14.894472361809045,16.613065326633166,17.698492462311556,19.507537688442213,20.231155778894472,20.592964824120603,20.8643216080402,21.1356783919598,4.821929885218953
98,12.0,12.0,12.0,12.361809045226131,13.35678391959799,14.894472361809045,16.613065326633166,17.698492462311556,19.417085427135678,20.14070351758794,20.592964824120603,20.8643216080402,21.04522613065327,4.836148795015607
99,12.0,12.0,12.0,12.271356783919598,13.266331658291458,14.804020100502512,16.522613065326635,17.608040201005025,19.417085427135678,20.050251256281406,20.50251256281407,20.77386934673367,20.954773869346734,4.850284581974013
100,12.0,12.0,12.0,12.271356783919598,13.266331658291458,14.71356783919598,16.4321608040201,17.517587939698494,19.326633165829147,19.959798994974875,20.412060301507537,20.683417085427138,20.8643216080402,4.8643384503711875
101,12.0,12.0,12.0,12.180904522613066,13.175879396984925,14.71356783919598,16.4321608040201,17.42713567839196,19.236180904522612,19.869346733668344,20.321608040201006,20.592964824120603,20.77386934673367,4.8783115768085406
102,12.0,12.0,12.0,12.180904522613066,13.175879396984925,14.623115577889447,16.34170854271357,17.42713567839196,19.14572864321608,19.77889447236181,20.231155778894472,20.50251256281407,20.683417085427138,4.892205111078936
103,12.0,12.0,12.0,12.090452261306533,13.085427135678392,14.623115577889447,16.251256281407034,17.33668341708543,19.055276381909547,19.77889447236181,20.14070351758794,20.412060301507537,20.683417085427138,4.906020176999467
104,12.0,12.0,12.0,12.090452261306533,13.085427135678392,14.532663316582916,16.251256281407034,17.246231155778894,19.055276381909547,19.688442211055275,20.14070351758794,20.321608040201006,20.592964824120603,4.919757873211585
105,12.0,12.0,12.0,12.0,12.99497487437186,14.442211055276381,16.160804020100503,17.155778894472363,18.964824120603016,19.597989949748744,20.050251256281406,20.321608040201006,20.50251256281407,4.933419273950122
106,12.0,12.0,12.0,12.0,12.904522613065327,14.442211055276381,16.07035175879397,17.155778894472363,18.87437185929648,19.507537688442213,19.959798994974875,20.231155778894472,20.412060301507537,4.947005429782656
107,12.0,12.0,12.0,12.0,12.904522613065327,14.35175879396985,16.07035175879397,17.06532663316583,18.78391959798995,19.417085427135678,19.869346733668344,20.14070351758794,20.321608040201006,4.960517368320613
108,12.0,12.0,12.0,12.0,12.814070351758794,14.35175879396985,15.979899497487438,16.974874371859297,18.78391959798995,19.417085427135678,19.77889447236181,20.050251256281406,20.321608040201006,4.973956094903396
109,12.0,12.0,12.0,12.0,12.814070351758794,14.261306532663317,15.889447236180905,16.974874371859297,18.69346733668342,19.326633165829147,19.77889447236181,20.050251256281406,20.231155778894472,4.98732259325676
110,12.0,12.0,12.0,12.0,12.72361809045226,14.261306532663317,15.889447236180905,16.884422110552762,18.603015075376884,19.236180904522612,19.688442211055275,19.959798994974875,20.14070351758794,5.000617826126641
111,12.0,12.0,12.0,12.0,12.72361809045226,14.170854271356784,15.798994974874372,16.79396984924623,18.51256281407035,19.14572864321608,19.597989949748744,19.869346733668344,20.050251256281406,5.013842735889487
112,12.0,12.0,12.0,12.0,12.633165829145728,14.080402010050252,15.798994974874372,16.79396984924623,18.51256281407035,19.14572864321608,19.507537688442213,19.77889447236181,20.050251256281406,5.0269982451401924
113,12.0,12.0,12.0,12.0,12.633165829145728,14.080402010050252,15.708542713567839,16.7035175879397,18.42211055276382,19.055276381909547,19.507537688442213,19.77889447236181,19.959798994974875,5.040085257258593
114,12.0,12.0,12.0,12.0,12.542713567839195,13.989949748743719,15.618090452261306,16.613065326633166,18.331658291457288,18.964824120603016,19.417085427135678,19.688442211055275,19.869346733668344,5.053104656955468
115,12.0,12.0,12.0,12.0,12.542713567839195,13.989949748743719,15.618090452261306,16.613065326633166,18.331658291457288,18.964824120603016,19.326633165829147,19.597989949748744,19.77889447236181,5.066057310798965
116,12.0,12.0,12.0,12.0,12.542713567839195,13.899497487437186,15.527638190954773,16.522613065326635,18.241206030150753,18.87437185929648,19.236180904522612,19.507537688442213,19.77889447236181,5.078944067722253
117,12.0,12.0,12.0,12.0,12.452261306532664,13.899497487437186,15.527638190954773,16.522613065326635,18.150753768844222,18.78391959798995,19.236180904522612,19.507537688442213,19.688442211055275,5.091765759513254
118,12.0,12.0,12.0,12.0,12.452261306532664,13.809045226130653,15.43718592964824,16.4321608040201,18.150753768844222,18.78391959798995,19.14572864321608,19.417085427135678,19.597989949748744,5.104523201287185
119,12.0,12.0,12.0,12.0,12.361809045226131,13.809045226130653,15.34673366834171,16.34170854271357,18.060301507537687,18.69346733668342,19.055276381909547,19.326633165829147,19.597989949748744,5.117217191942652
120,12.0,12.0,12.0,12.0,12.361809045226131,13.71859296482412,15.34673366834171,16.34170854271357,17.969849246231156,18.603015075376884,19.055276381909547,19.326633165829147,19.507537688442213,5.129848514601977
121,12.0,12.0,12.0,12.0,12.271356783919598,13.71859296482412,15.256281407035175,16.251256281407034,17.969849246231156,18.51256281407035,18.964824120603016,19.236180904522612,19.417085427135678,5.142417937036425
122,12.0,12.0,12.0,12.0,12.271356783919598,13.628140703517587,15.256281407035175,16.251256281407034,17.879396984924625,18.51256281407035,18.87437185929648,19.14572864321608,19.326633165829147,5.1549262120769495
123,12.0,12.0,12.0,12.0,12.180904522613066,13.628140703517587,15.165829145728644,16.160804020100503,17.78894472361809,18.42211055276382,18.87437185929648,19.14572864321608,19.326633165829147,5.167374078011046
124,12.0,12.0,12.0,12.0,12.180904522613066,13.537688442211055,15.165829145728644,16.07035175879397,17.78894472361809,18.42211055276382,18.78391959798995,19.055276381909547,19.236180904522612,5.179762258966296
125,12.0,12.0,12.0,12.0,12.090452261306533,13.537688442211055,15.075376884422111,16.07035175879397,17.698492462311556,18.331658291457288,18.69346733668342,18.964824120603016,19.236180904522612,5.192091465281118
126,12.0,12.0,12.0,12.0,12.090452261306533,13.447236180904522,15.075376884422111,15.979899497487438,17.698492462311556,18.241206030150753,18.69346733668342,18.964824120603016,19.14572864321608,5.204362393863258
127,12.0,12.0,12.0,12.0,12.090452261306533,13.447236180904522,14.984924623115578,15.979899497487438,17.608040201005025,18.241206030150753,18.603015075376884,18.87437185929648,19.055276381909547,5.216575728536502
128,12.0,12.0,12.0,12.0,12.0,13.35678391959799,14.984924623115578,15.889447236180905,17.517587939698494,18.150753768844222,18.51256281407035,18.78391959798995,19.055276381909547,5.228732140376071
129,12.0,12.0,12.0,12.0,12.0,13.35678391959799,14.894472361809045,15.889447236180905,17.517587939698494,18.060301507537687,18.51256281407035,18.78391959798995,18.964824120603016,5.240832288033157
130,12.0,12.0,12.0,12.0,12.0,13.266331658291458,14.894472361809045,15.798994974874372,17.42713567839196,18.060301507537687,18.42211055276382,18.69346733668342,18.87437185929648,5.252876818049008
131,12.0,12.0,12.0,12.0,12.0,13.266331658291458,14.804020100502512,15.798994974874372,17.42713567839196,17.969849246231156,18.42211055276382,18.603015075376884,18.87437185929648,5.264866365158988
132,12.0,12.0,12.0,12.0,12.0,13.266331658291458,14.804020100502512,15.708542713567839,17.33668341708543,17.969849246231156,18.331658291457288,18.603015075376884,18.78391959798995,5.276801552586973
133,12.0,12.0,12.0,12.0,12.0,13.175879396984925,14.71356783919598,15.708542713567839,17.246231155778894,17.879396984924625,18.241206030150753,18.51256281407035,18.78391959798995,5.28868299233048
134,12.0,12.0,12.0,12.0,12.0,13.175879396984925,14.71356783919598,15.618090452261306,17.246231155778894,17.78894472361809,18.241206030150753,18.51256281407035,18.69346733668342,5.300511285436852
135,12.0,12.0,12.0,12.0,12.0,13.085427135678392,14.623115577889447,15.618090452261306,17.155778894472363,17.78894472361809,18.150753768844222,18.42211055276382,18.603015075376884,5.312287022270875
136,12.0,12.0,12.0,12.0,12.0,13.085427135678392,14.623115577889447,15.527638190954773,17.155778894472363,17.698492462311556,18.150753768844222,18.331658291457288,18.603015075376884,5.324010782774103
137,12.0,12.0,12.0,12.0,12.0,12.99497487437186,14.532663316582916,15.43718592964824,17.06532663316583,17.698492462311556,18.060301507537687,18.331658291457288,18.51256281407035,5.335683136716237
138,12.0,12.0,12.0,12.0,12.0,12.99497487437186,14.532663316582916,15.43718592964824,17.06532663316583,17.608040201005025,17.969849246231156,18.241206030150753,18.51256281407035,5.347304643938836
139,12.0,12.0,12.0,12.0,12.0,12.99497487437186,14.442211055276381,15.34673366834171,16.974874371859297,17.608040201005025,17.969849246231156,18.241206030150753,18.42211055276382,5.358875854591643
140,12.0,12.0,12.0,12.0,12.0,12.904522613065327,14.442211055276381,15.34673366834171,16.884422110552762,17.517587939698494,17.879396984924625,18.150753768844222,18.331658291457288,5.370397309361799
141,12.0,12.0,12.0,12.0,12.0,12.904522613065327,14.35175879396985,15.256281407035175,16.884422110552762,17.42713567839196,17.879396984924625,18.150753768844222,18.331658291457288,5.381869539696198
142,12.0,12.0,12.0,12.0,12.0,12.814070351758794,14.35175879396985,15.256281407035175,16.79396984924623,17.42713567839196,17.78894472361809,18.060301507537687,18.241206030150753,5.393293068017241
143,12.0,12.0,12.0,12.0,12.0,12.814070351758794,14.261306532663317,15.256281407035175,16.79396984924623,17.33668341708543,17.78894472361809,17.969849246231156,18.241206030150753,5.404668407932213
144,12.0,12.0,12.0,12.0,12.0,12.72361809045226,14.261306532663317,15.165829145728644,16.7035175879397,17.33668341708543,17.698492462311556,17.969849246231156,18.150753768844222,5.41599606443652
145,12.0,12.0,12.0,12.0,12.0,12.72361809045226,14.170854271356784,15.165829145728644,16.7035175879397,17.246231155778894,17.698492462311556,17.879396984924625,18.150753768844222,5.427276534110996
146,12.0,12.0,12.0,12.0,12.0,12.72361809045226,14.170854271356784,15.075376884422111,16.613065326633166,17.246231155778894,17.608040201005025,17.879396984924625,18.060301507537687,5.438510305313497
147,12.0,12.0,12.0,12.0,12.0,12.633165829145728,14.170854271356784,15.075376884422111,16.613065326633166,17.155778894472363,17.517587939698494,17.78894472361809,18.060301507537687,5.449697858364972
148,12.0,12.0,12.0,12.0,12.0,12.633165829145728,14.080402010050252,14.984924623115578,16.522613065326635,17.155778894472363,17.517587939698494,17.78894472361809,17.969849246231156,5.4608396657302105
149,12.0,12.0,12.0,12.0,12.0,12.542713567839195,14.080402010050252,14.984924623115578,16.522613065326635,17.06532663316583,17.42713567839196,17.698492462311556,17.969849246231156,5.471936192193451
150,12.0,12.0,12.0,12.0,12.0,12.542713567839195,13.989949748743719,14.894472361809045,16.4321608040201,17.06532663316583,17.42713567839196,17.698492462311556,17.879396984924625,5.482987895029018
151,12.0,12.0,12.0,12.0,12.0,12.542713567839195,13.989949748743719,14.894472361809045,16.4321608040201,16.974874371859297,17.33668341708543,17.608040201005025,17.879396984924625,5.493995224167165
152,12.0,12.0,12.0,12.0,12.0,12.452261306532664,13.899497487437186,14.804020100502512,16.34170854271357,16.974874371859297,17.33668341708543,17.608040201005025,17.78894472361809,5.504958622355288
153,12.0,12.0,12.0,12.0,12.0,12.452261306532664,13.899497487437186,14.804020100502512,16.34170854271357,16.884422110552762,17.246231155778894,17.517587939698494,17.78894472361809,5.515878525314659
154,12.0,12.0,12.0,12.0,12.0,12.452261306532664,13.899497487437186,14.71356783919598,16.251256281407034,16.884422110552762,17.246231155778894,17.517587939698494,17.698492462311556,5.526755361892829
155,12.0,12.0,12.0,12.0,12.0,12.361809045226131,13.809045226130653,14.71356783919598,16.251256281407034,16.79396984924623,17.155778894472363,17.42713567839196,17.698492462311556,5.537589554211853
156,12.0,12.0,12.0,12.0,12.0,12.361809045226131,13.809045226130653,14.71356783919598,16.160804020100503,16.79396984924623,17.155778894472363,17.42713567839196,17.608040201005025,5.548381517812471
157,12.0,12.0,12.0,12.0,12.0,12.271356783919598,13.71859296482412,14.623115577889447,16.160804020100503,16.7035175879397,17.06532663316583,17.33668341708543,17.608040201005025,5.559131661794377
158,12.0,12.0,12.0,12.0,12.0,12.271356783919598,13.71859296482412,14.623115577889447,16.07035175879397,16.7035175879397,17.06532663316583,17.33668341708543,17.517587939698494,5.569840388952701
159,12.0,12.0,12.0,12.0,12.0,12.271356783919598,13.628140703517587,14.532663316582916,16.07035175879397,16.613065326633166,16.974874371859297,17.246231155778894,17.517587939698494,5.580508095910838
160,12.0,12.0,12.0,12.0,12.0,12.180904522613066,13.628140703517587,14.532663316582916,16.07035175879397,16.613065326633166,16.974874371859297,17.246231155778894,17.42713567839196,5.5911351732497305
161,12.0,12.0,12.0,12.0,12.0,12.180904522613066,13.628140703517587,14.442211055276381,15.979899497487438,16.522613065326635,16.884422110552762,17.155778894472363,17.42713567839196,5.601722005633726
162,12.0,12.0,12.0,12.0,12.0,12.180904522613066,13.537688442211055,14.442211055276381,15.979899497487438,16.522613065326635,16.884422110552762,17.155778894472363,17.33668341708543,5.61226897193312
163,12.0,12.0,12.0,12.0,12.0,12.090452261306533,13.537688442211055,14.442211055276381,15.889447236180905,16.4321608040201,16.884422110552762,17.06532663316583,17.33668341708543,5.6227764453434785
164,12.0,12.0,12.0,12.0,12.0,12.090452261306533,13.537688442211055,14.35175879396985,15.889447236180905,16.4321608040201,16.79396984924623,17.06532663316583,17.246231155778894,5.633244793501859
165,12.0,12.0,12.0,12.0,12.0,12.090452261306533,13.447236180904522,14.35175879396985,15.798994974874372,16.34170854271357,16.79396984924623,16.974874371859297,17.246231155778894,5.643674378600014
166,12.0,12.0,12.0,12.0,12.0,12.0,13.447236180904522,14.261306532663317,15.798994974874372,16.34170854271357,16.7035175879397,16.974874371859297,17.155778894472363,5.654065557494678
167,12.0,12.0,12.0,12.0,12.0,12.0,13.35678391959799,14.261306532663317,15.708542713567839,16.34170854271357,16.7035175879397,16.884422110552762,17.155778894472363,5.664418681815028
168,12.0,12.0,12.0,12.0,12.0,12.0,13.35678391959799,14.261306532663317,15.708542713567839,16.251256281407034,16.613065326633166,16.884422110552762,17.06532663316583,5.6747340980674
169,12.0,12.0,12.0,12.0,12.0,12.0,13.35678391959799,14.170854271356784,15.708542713567839,16.251256281407034,16.613065326633166,16.884422110552762,17.06532663316583,5.68501214773736
170,12.0,12.0,12.0,12.0,12.0,12.0,13.266331658291458,14.170854271356784,15.618090452261306,16.160804020100503,16.522613065326635,16.79396984924623,16.974874371859297,5.695253167389187
171,12.0,12.0,12.0,12.0,12.0,12.0,13.266331658291458,14.080402010050252,15.618090452261306,16.160804020100503,16.522613065326635,16.79396984924623,16.974874371859297,5.705457488762873
172,12.0,12.0,12.0,12.0,12.0,12.0,13.266331658291458,14.080402010050252,15.527638190954773,16.07035175879397,16.4321608040201,16.7035175879397,16.974874371859297,5.715625438868693
173,12.0,12.0,12.0,12.0,12.0,12.0,13.175879396984925,14.080402010050252,15.527638190954773,16.07035175879397,16.4321608040201,16.7035175879397,16.884422110552762,5.725757340079438
174,12.0,12.0,12.0,12.0,12.0,12.0,13.175879396984925,13.989949748743719,15.43718592964824,15.979899497487438,16.4321608040201,16.613065326633166,16.884422110552762,5.735853510220361
175,12.0,12.0,12.0,12.0,12.0,12.0,13.085427135678392,13.989949748743719,15.43718592964824,15.979899497487438,16.34170854271357,16.613065326633166,16.79396984924623,5.745914262656919
176,12.0,12.0,12.0,12.0,12.0,12.0,13.085427135678392,13.989949748743719,15.43718592964824,15.979899497487438,16.34170854271357,16.522613065326635,16.79396984924623,5.7559399063803784
177,12.0,12.0,12.0,12.0,12.0,12.0,13.085427135678392,13.899497487437186,15.34673366834171,15.889447236180905,16.251256281407034,16.522613065326635,16.7035175879397,5.765930746091322
178,12.0,12.0,12.0,12.0,12.0,12.0,12.99497487437186,13.899497487437186,15.34673366834171,15.889447236180905,16.251256281407034,16.522613065326635,16.7035175879397,5.775887082281156
179,12.0,12.0,12.0,12.0,12.0,12.0,12.99497487437186,13.809045226130653,15.256281407035175,15.798994974874372,16.160804020100503,16.4321608040201,16.7035175879397,5.78580921131165
180,12.0,12.0,12.0,12.0,12.0,12.0,12.99497487437186,13.809045226130653,15.256281407035175,15.798994974874372,16.160804020100503,16.4321608040201,16.613065326633166,5.795697425492569
181,12.0,12.0,12.0,12.0,12.0,12.0,12.904522613065327,13.809045226130653,15.256281407035175,15.798994974874372,16.160804020100503,16.34170854271357,16.613065326633166,5.805552013157461
182,12.0,12.0,12.0,12.0,12.0,12.0,12.904522613065327,13.71859296482412,15.165829145728644,15.708542713567839,16.07035175879397,16.34170854271357,16.522613065326635,5.815373258737655
183,12.0,12.0,12.0,12.0,12.0,12.0,12.904522613065327,13.71859296482412,15.165829145728644,15.708542713567839,16.07035175879397,16.34170854271357,16.522613065326635,5.8251614428345055
184,12.0,12.0,12.0,12.0,12.0,12.0,12.814070351758794,13.71859296482412,15.075376884422111,15.618090452261306,15.979899497487438,16.251256281407034,16.522613065326635,5.8349168422899504
185,12.0,12.0,12.0,12.0,12.0,12.0,12.814070351758794,13.628140703517587,15.075376884422111,15.618090452261306,15.979899497487438,16.251256281407034,16.4321608040201,5.84463973025542
186,12.0,12.0,12.0,12.0,12.0,12.0,12.814070351758794,13.628140703517587,15.075376884422111,15.618090452261306,15.979899497487438,16.160804020100503,16.4321608040201,5.8543303762591465
187,12.0,12.0,12.0,12.0,12.0,12.0,12.72361809045226,13.628140703517587,14.984924623115578,15.527638190954773,15.889447236180905,16.160804020100503,16.34170854271357,5.863989046271919
188,12.0,12.0,12.0,12.0,12.0,12.0,12.72361809045226,13.537688442211055,14.984924623115578,15.527638190954773,15.889447236180905,16.160804020100503,16.34170854271357,5.873616002771327
189,12.0,12.0,12.0,12.0,12.0,12.0,12.72361809045226,13.537688442211055,14.984924623115578,15.43718592964824,15.798994974874372,16.07035175879397,16.34170854271357,5.883211504804538
190,12.0,12.0,12.0,12.0,12.0,12.0,12.633165829145728,13.537688442211055,14.894472361809045,15.43718592964824,15.798994974874372,16.07035175879397,16.251256281407034,5.892775808049638
191,12.0,12.0,12.0,12.0,12.0,12.0,12.633165829145728,13.447236180904522,14.894472361809045,15.43718592964824,15.798994974874372,15.979899497487438,16.251256281407034,5.90230916487559
192,12.0,12.0,12.0,12.0,12.0,12.0,12.633165829145728,13.447236180904522,14.804020100502512,15.34673366834171,15.708542713567839,15.979899497487438,16.251256281407034,5.911811824400843
193,12.0,12.0,12.0,12.0,12.0,12.0,12.542713567839195,13.447236180904522,14.804020100502512,15.34673366834171,15.708542713567839,15.979899497487438,16.160804020100503,5.921284032550614
194,12.0,12.0,12.0,12.0,12.0,12.0,12.542713567839195,13.35678391959799,14.804020100502512,15.34673366834171,15.708542713567839,15.889447236180905,16.160804020100503,5.930726032112905
195,12.0,12.0,12.0,12.0,12.0,12.0,12.542713567839195,13.35678391959799,14.71356783919598,15.256281407035175,15.618090452261306,15.889447236180905,16.07035175879397,5.94013806279327
196,12.0,12.0,12.0,12.0,12.0,12.0,12.542713567839195,13.35678391959799,14.71356783919598,15.256281407035175,15.618090452261306,15.889447236180905,16.07035175879397,5.949520361268368
197,12.0,12.0,12.0,12.0,12.0,12.0,12.452261306532664,13.266331658291458,14.71356783919598,15.165829145728644,15.527638190954773,15.798994974874372,16.07035175879397,5.958873161238339
198,12.0,12.0,12.0,12.0,12.0,12.0,12.452261306532664,13.266331658291458,14.623115577889447,15.165829145728644,15.527638190954773,15.798994974874372,15.979899497487438,5.968196693478039
199,12.0,12.0,12.0,12.0,12.0,12.0,12.452261306532664,13.266331658291458,14.623115577889447,15.165829145728644,15.527638190954773,15.708542713567839,15.979899497487438,5.977491185887149
200,12.0,12.0,12.0,12.0,12.0,12.0,12.361809045226131,13.175879396984925,14.623115577889447,15.075376884422111,15.43718592964824,15.708542713567839,15.979899497487438,5.986756863539198
201,12.0,12.0,12.0,12.0,12.0,12.0,12.361809045226131,13.175879396984925,14.532663316582916,15.075376884422111,15.43718592964824,15.708542713567839,15.889447236180905,5.995993948729535
202,12.0,12.0,12.0,12.0,12.0,12.0,12.361809045226131,13.175879396984925,14.532663316582916,15.075376884422111,15.43718592964824,15.618090452261306,15.889447236180905,6.005202661022261
203,12.0,12.0,12.0,12.0,12.0,12.0,12.271356783919598,13.085427135678392,14.532663316582916,14.984924623115578,15.34673366834171,15.618090452261306,15.889447236180905,6.014383217296154
204,12.0,12.0,12.0,12.0,12.0,12.0,12.271356783919598,13.085427135678392,14.442211055276381,14.984924623115578,15.34673366834171,15.618090452261306,15.798994974874372,6.023535831789633
205,12.0,12.0,12.0,12.0,12.0,12.0,12.271356783919598,13.085427135678392,14.442211055276381,14.984924623115578,15.34673366834171,15.527638190954773,15.798994974874372,6.032660716144743
206,12.0,12.0,12.0,12.0,12.0,12.0,12.271356783919598,12.99497487437186,14.442211055276381,14.894472361809045,15.256281407035175,15.527638190954773,15.798994974874372,6.041758079450235
207,12.0,12.0,12.0,12.0,12.0,12.0,12.180904522613066,12.99497487437186,14.35175879396985,14.894472361809045,15.256281407035175,15.527638190954773,15.708542713567839,6.050828128283723
208,12.0,12.0,12.0,12.0,12.0,12.0,12.180904522613066,12.99497487437186,14.35175879396985,14.894472361809045,15.256281407035175,15.43718592964824,15.708542713567839,6.0598710667529705
209,12.0,12.0,12.0,12.0,12.0,12.0,12.180904522613066,12.904522613065327,14.35175879396985,14.804020100502512,15.165829145728644,15.43718592964824,15.618090452261306,6.0688870965363115
210,12.0,12.0,12.0,12.0,12.0,12.0,12.090452261306533,12.904522613065327,14.261306532663317,14.804020100502512,15.165829145728644,15.43718592964824,15.618090452261306,6.077876416922232
211,12.0,12.0,12.0,12.0,12.0,12.0,12.090452261306533,12.904522613065327,14.261306532663317,14.804020100502512,15.165829145728644,15.34673366834171,15.618090452261306,6.08683922484814
212,12.0,12.0,12.0,12.0,12.0,12.0,12.090452261306533,12.904522613065327,14.261306532663317,14.71356783919598,15.075376884422111,15.34673366834171,15.527638190954773,6.095775714938335
213,12.0,12.0,12.0,12.0,12.0,12.0,12.090452261306533,12.814070351758794,14.170854271356784,14.71356783919598,15.075376884422111,15.34673366834171,15.527638190954773,6.104686079541198
214,12.0,12.0,12.0,12.0,12.0,12.0,12.0,12.814070351758794,14.170854271356784,14.71356783919598,15.075376884422111,15.256281407035175,15.527638190954773,6.11357050876563
215,12.0,12.0,12.0,12.0,12.0,12.0,12.0,12.814070351758794,14.170854271356784,14.623115577889447,14.984924623115578,15.256281407035175,15.527638190954773,6.122429190516745
216,12.0,12.0,12.0,12.0,12.0,12.0,12.0,12.72361809045226,14.080402010050252,14.623115577889447,14.984924623115578,15.256281407035175,15.43718592964824,6.131262310530847
217,12.0,12.0,12.0,12.0,12.0,12.0,12.0,12.72361809045226,14.080402010050252,14.623115577889447,14.984924623115578,15.165829145728644,15.43718592964824,6.140070052409699
218,12.0,12.0,12.0,12.0,12.0,12.0,12.0,12.72361809045226,14.080402010050252,14.532663316582916,14.894472361809045,15.165829145728644,15.43718592964824,6.1488525976541135
219,12.0,12.0,12.0,12.0,12.0,12.0,12.0,12.72361809045226,13.989949748743719,14.532663316582916,14.894472361809045,15.165829145728644,15.34673366834171,6.15761012569686
220,12.0,12.0,12.0,12.0,12.0,12.0,12.0,12.633165829145728,13.989949748743719,14.532663316582916,14.894472361809045,15.075376884422111,15.34673366834171,6.166342813934934
221,12.0,12.0,12.0,12.0,12.0,12.0,12.0,12.633165829145728,13.989949748743719,14.442211055276381,14.804020100502512,15.075376884422111,15.34673366834171,6.175050837761177
222,12.0,12.0,12.0,12.0,12.0,12.0,12.0,12.633165829145728,13.899497487437186,14.442211055276381,14.804020100502512,15.075376884422111,15.256281407035175,6.183734370595278
223,12.0,12.0,12.0,12.0,12.0,12.0,12.0,12.542713567839195,13.899497487437186,14.442211055276381,14.804020100502512,14.984924623115578,15.256281407035175,6.192393583914173
224,12.0,12.0,12.0,12.0,12.0,12.0,12.0,12.542713567839195,13.899497487437186,14.35175879396985,14.71356783919598,14.984924623115578,15.256281407035175,6.201028647281836
225,12.0,12.0,12.0,12.0,12.0,12.0,12.0,12.542713567839195,13.899497487437186,14.35175879396985,14.71356783919598,14.984924623115578,15.165829145728644,6.209639728378509
226,12.0,12.0,12.0,12.0,12.0,12.0,12.0,12.542713567839195,13.809045226130653,14.35175879396985,14.71356783919598,14.894472361809045,15.165829145728644,6.21822699302935
227,12.0,12.0,12.0,12.0,12.0,12.0,12.0,12.452261306532664,13.809045226130653,14.35175879396985,14.623115577889447,14.894472361809045,15.165829145728644,6.22679060523254
228,12.0,12.0,12.0,12.0,12.0,12.0,12.0,12.452261306532664,13.809045226130653,14.261306532663317,14.623115577889447,14.894472361809045,15.075376884422111,6.235330727186846
229,12.0,12.0,12.0,12.0,12.0,12.0,12.0,12.452261306532664,13.71859296482412,14.261306532663317,14.623115577889447,14.894472361809045,15.075376884422111,6.243847519318657
230,12.0,12.0,12.0,12.0,12.0,12.0,12.0,12.361809045226131,13.71859296482412,14.261306532663317,14.623115577889447,14.804020100502512,15.075376884422111,6.252341140308501
231,12.0,12.0,12.0,12.0,12.0,12.0,12.0,12.361809045226131,13.71859296482412,14.170854271356784,14.532663316582916,14.804020100502512,15.075376884422111,6.26081174711707
232,12.0,12.0,12.0,12.0,12.0,12.0,12.0,12.361809045226131,13.628140703517587,14.170854271356784,14.532663316582916,14.804020100502512,14.984924623115578,6.269259495010742
233,12.0,12.0,12.0,12.0,12.0,12.0,12.0,12.361809045226131,13.628140703517587,14.170854271356784,14.532663316582916,14.71356783919598,14.984924623115578,6.2776845375866275
234,12.0,12.0,12.0,12.0,12.0,12.0,12.0,12.271356783919598,13.628140703517587,14.080402010050252,14.442211055276381,14.71356783919598,14.984924623115578,6.2860870267971505
235,12.0,12.0,12.0,12.0,12.0,12.0,12.0,12.271356783919598,13.628140703517587,14.080402010050252,14.442211055276381,14.71356783919598,14.894472361809045,6.294467112974162
236,12.0,12.0,12.0,12.0,12.0,12.0,12.0,12.271356783919598,13.537688442211055,14.080402010050252,14.442211055276381,14.623115577889447,14.894472361809045,6.3028249448526115
237,12.0,12.0,12.0,12.0,12.0,12.0,12.0,12.271356783919598,13.537688442211055,14.080402010050252,14.35175879396985,14.623115577889447,14.894472361809045,6.311160669593782
238,12.0,12.0,12.0,12.0,12.0,12.0,12.0,12.180904522613066,13.537688442211055,13.989949748743719,14.35175879396985,14.623115577889447,14.894472361809045,6.319474432808088
239,12.0,12.0,12.0,12.0,12.0,12.0,12.0,12.180904522613066,13.447236180904522,13.989949748743719,14.35175879396985,14.623115577889447,14.804020100502512,6.327766378577464
240,12.0,12.0,12.0,12.0,12.0,12.0,12.0,12.180904522613066,13.447236180904522,13.989949748743719,14.35175879396985,14.532663316582916,14.804020100502512,6.336036649477337
241,12.0,12.0,12.0,12.0,12.0,12.0,12.0,12.180904522613066,13.447236180904522,13.899497487437186,14.261306532663317,14.532663316582916,14.804020100502512,6.3442853865982025
242,12.0,12.0,12.0,12.0,12.0,12.0,12.0,12.090452261306533,13.447236180904522,13.899497487437186,14.261306532663317,14.532663316582916,14.71356783919598,6.352512729566805
243,12.0,12.0,12.0,12.0,12.0,12.0,12.0,12.090452261306533,13.35678391959799,13.899497487437186,14.261306532663317,14.442211055276381,14.71356783919598,6.360718816566941
244,12.0,12.0,12.0,12.0,12.0,12.0,12.0,12.090452261306533,13.35678391959799,13.899497487437186,14.170854271356784,14.442211055276381,14.71356783919598,6.368903784359879
245,12.0,12.0,12.0,12.0,12.0,12.0,12.0,12.090452261306533,13.35678391959799,13.809045226130653,14.170854271356784,14.442211055276381,14.71356783919598,6.37706776830442
246,12.0,12.0,12.0,12.0,12.0,12.0,12.0,12.0,13.35678391959799,13.809045226130653,14.170854271356784,14.442211055276381,14.623115577889447,6.385210902376602
247,12.0,12.0,12.0,12.0,12.0,12.0,12.0,12.0,13.266331658291458,13.809045226130653,14.170854271356784,14.35175879396985,14.623115577889447,6.393333319189038
248,12.0,12.0,12.0,12.0,12.0,12.0,12.0,12.0,13.266331658291458,13.809045226130653,14.080402010050252,14.35175879396985,14.623115577889447,6.401435150009933
249,12.0,12.0,12.0,12.0,12.0,12.0,12.0,12.0,13.266331658291458,13.71859296482412,14.080402010050252,14.35175879396985,14.623115577889447,6.409516524781745
250,12.0,12.0,12.0,12.0,12.0,12.0,12.0,12.0,13.266331658291458,13.71859296482412,14.080402010050252,14.35175879396985,14.532663316582916,6.41757757213953
251,12.0,12.0,12.0,12.0,12.0,12.0,12.0,12.0,13.175879396984925,13.71859296482412,14.080402010050252,14.261306532663317,14.532663316582916,6.4256184194289645
252,12.0,12.0,12.0,12.0,12.0,12.0,12.0,12.0,13.175879396984925,13.628140703517587,13.989949748743719,14.261306532663317,14.532663316582916,6.433639192724039
253,12.0,12.0,12.0,12.0,12.0,12.0,12.0,12.0,13.175879396984925,13.628140703517587,13.989949748743719,14.261306532663317,14.442211055276381,6.441640016844468
254,12.0,12.0,12.0,12.0,12.0,12.0,12.0,12.0,13.085427135678392,13.628140703517587,13.989949748743719,14.261306532663317,14.442211055276381,6.449621015372771
255,12.0,12.0,12.0,12.0,12.0,12.0,12.0,12.0,13.085427135678392,13.628140703517587,13.989949748743719,14.170854271356784,14.442211055276381,6.457582310671082
256,12.0,12.0,12.0,12.0,12.0,12.0,12.0,12.0,13.085427135678392,13.537688442211055,13.899497487437186,14.170854271356784,14.442211055276381,6.465524023897654
257,12.0,12.0,12.0,12.0,12.0,12.0,12.0,12.0,13.085427135678392,13.537688442211055,13.899497487437186,14.170854271356784,14.35175879396985,6.473446275023085
258,12.0,12.0,12.0,12.0,12.0,12.0,12.0,12.0,12.99497487437186,13.537688442211055,13.899497487437186,14.080402010050252,14.35175879396985,6.48134918284627
259,12.0,12.0,12.0,12.0,12.0,12.0,12.0,12.0,12.99497487437186,13.537688442211055,13.809045226130653,14.080402010050252,14.35175879396985,6.4892328650100755
260,12.0,12.0,12.0,12.0,12.0,12.0,12.0,12.0,12.99497487437186,13.447236180904522,13.809045226130653,14.080402010050252,14.35175879396985,6.497097438016753
261,12.0,12.0,12.0,12.0,12.0,12.0,12.0,12.0,12.99497487437186,13.447236180904522,13.809045226130653,14.080402010050252,14.261306532663317,6.504943017243089
262,12.0,12.0,12.0,12.0,12.0,12.0,12.0,12.0,12.904522613065327,13.447236180904522,13.809045226130653,13.989949748743719,14.261306532663317,6.512769716955303
263,12.0,12.0,12.0,12.0,12.0,12.0,12.0,12.0,12.904522613065327,13.447236180904522,13.71859296482412,13.989949748743719,14.261306532663317,6.520577650323688
264,12.0,12.0,12.0,12.0,12.0,12.0,12.0,12.0,12.904522613065327,13.35678391959799,13.71859296482412,13.989949748743719,14.261306532663317,6.528366929437017
265,12.0,12.0,12.0,12.0,12.0,12.0,12.0,12.0,12.904522613065327,13.35678391959799,13.71859296482412,13.989949748743719,14.170854271356784,6.536137665316701
266,12.0,12.0,12.0,12.0,12.0,12.0,12.0,12.0,12.904522613065327,13.35678391959799,13.71859296482412,13.899497487437186,14.170854271356784,6.543889967930716
267,12.0,12.0,12.0,12.0,12.0,12.0,12.0,12.0,12.814070351758794,13.35678391959799,13.628140703517587,13.899497487437186,14.170854271356784,6.551623946207296
268,12.0,12.0,12.0,12.0,12.0,12.0,12.0,12.0,12.814070351758794,13.266331658291458,13.628140703517587,13.899497487437186,14.170854271356784,6.5593397080484035
269,12.0,12.0,12.0,12.0,12.0,12.0,12.0,12.0,12.814070351758794,13.266331658291458,13.628140703517587,13.899497487437186,14.080402010050252,6.5670373603429795
270,12.0,12.0,12.0,12.0,12.0,12.0,12.0,12.0,12.814070351758794,13.266331658291458,13.628140703517587,13.809045226130653,14.080402010050252,6.574717008979973
271,12.0,12.0,12.0,12.0,12.0,12.0,12.0,12.0,12.72361809045226,13.266331658291458,13.628140703517587,13.809045226130653,14.080402010050252,6.582378758861159
272,12.0,12.0,12.0,12.0,12.0,12.0,12.0,12.0,12.72361809045226,13.175879396984925,13.537688442211055,13.809045226130653,14.080402010050252,6.59002271391375
273,12.0,12.0,12.0,12.0,12.0,12.0,12.0,12.0,12.72361809045226,13.175879396984925,13.537688442211055,13.809045226130653,14.080402010050252,6.597648977102803
274,12.0,12.0,12.0,12.0,12.0,12.0,12.0,12.0,12.72361809045226,13.175879396984925,13.537688442211055,13.809045226130653,13.989949748743719,6.60525765044342
275,12.0,12.0,12.0,12.0,12.0,12.0,12.0,12.0,12.633165829145728,13.175879396984925,13.537688442211055,13.71859296482412,13.989949748743719,6.612848835012766
276,12.0,12.0,12.0,12.0,12.0,12.0,12.0,12.0,12.633165829145728,13.175879396984925,13.447236180904522,13.71859296482412,13.989949748743719,6.620422630961876
277,12.0,12.0,12.0,12.0,12.0,12.0,12.0,12.0,12.633165829145728,13.085427135678392,13.447236180904522,13.71859296482412,13.989949748743719,6.627979137527292
278,12.0,12.0,12.0,12.0,12.0,12.0,12.0,12.0,12.633165829145728,13.085427135678392,13.447236180904522,13.71859296482412,13.899497487437186,6.635518453042497
279,12.0,12.0,12.0,12.0,12.0,12.0,12.0,12.0,12.542713567839195,13.085427135678392,13.447236180904522,13.628140703517587,13.899497487437186,6.643040674949184
280,12.0,12.0,12.0,12.0,12.0,12.0,12.0,12.0,12.542713567839195,13.085427135678392,13.35678391959799,13.628140703517587,13.899497487437186,6.650545899808333
281,12.0,12.0,12.0,12.0,12.0,12.0,12.0,12.0,12.542713567839195,12.99497487437186,13.35678391959799,13.628140703517587,13.899497487437186,6.658034223311121
282,12.0,12.0,12.0,12.0,12.0,12.0,12.0,12.0,12.542713567839195,12.99497487437186,13.35678391959799,13.628140703517587,13.809045226130653,6.665505740289662
283,12.0,12.0,12.0,12.0,12.0,12.0,12.0,12.0,12.542713567839195,12.99497487437186,13.35678391959799,13.537688442211055,13.809045226130653,6.672960544727572
284,12.0,12.0,12.0,12.0,12.0,12.0,12.0,12.0,12.452261306532664,12.99497487437186,13.266331658291458,13.537688442211055,13.809045226130653,6.680398729770374
285,12.0,12.0,12.0,12.0,12.0,12.0,12.0,12.0,12.452261306532664,12.904522613065327,13.266331658291458,13.537688442211055,13.809045226130653,6.687820387735739
286,12.0,12.0,12.0,12.0,12.0,12.0,12.0,12.0,12.452261306532664,12.904522613065327,13.266331658291458,13.537688442211055,13.809045226130653,6.695225610123572
287,12.0,12.0,12.0,12.0,12.0,12.0,12.0,12.0,12.452261306532664,12.904522613065327,13.266331658291458,13.537688442211055,13.71859296482412,6.702614487625937
288,12.0,12.0,12.0,12.0,12.0,12.0,12.0,12.0,12.361809045226131,12.904522613065327,13.266331658291458,13.447236180904522,13.71859296482412,6.709987110136831
289,12.0,12.0,12.0,12.0,12.0,12.0,12.0,12.0,12.361809045226131,12.904522613065327,13.175879396984925,13.447236180904522,13.71859296482412,6.717343566761814
290,12.0,12.0,12.0,12.0,12.0,12.0,12.0,12.0,12.361809045226131,12.814070351758794,13.175879396984925,13.447236180904522,13.71859296482412,6.724683945827477
291,12.0,12.0,12.0,12.0,12.0,12.0,12.0,12.0,12.361809045226131,12.814070351758794,13.175879396984925,13.447236180904522,13.628140703517587,6.732008334890786
292,12.0,12.0,12.0,12.0,12.0,12.0,12.0,12.0,12.361809045226131,12.814070351758794,13.175879396984925,13.35678391959799,13.628140703517587,6.739316820748259
293,12.0,12.0,12.0,12.0,12.0,12.0,12.0,12.0,12.271356783919598,12.814070351758794,13.085427135678392,13.35678391959799,13.628140703517587,6.746609489445034
294,12.0,12.0,12.0,12.0,12.0,12.0,12.0,12.0,12.271356783919598,12.72361809045226,13.085427135678392,13.35678391959799,13.628140703517587,6.753886426283771
295,12.0,12.0,12.0,12.0,12.0,12.0,12.0,12.0,12.271356783919598,12.72361809045226,13.085427135678392,13.35678391959799,13.628140703517587,6.761147715833436
296,12.0,12.0,12.0,12.0,12.0,12.0,12.0,12.0,12.271356783919598,12.72361809045226,13.085427135678392,13.35678391959799,13.537688442211055,6.768393441937957
297,12.0,12.0,12.0,12.0,12.0,12.0,12.0,12.0,12.271356783919598,12.72361809045226,13.085427135678392,13.266331658291458,13.537688442211055,6.775623687724733
298,12.0,12.0,12.0,12.0,12.0,12.0,12.0,12.0,12.180904522613066,12.72361809045226,12.99497487437186,13.266331658291458,13.537688442211055,6.782838535613035
299,12.0,12.0,12.0,12.0,12.0,12.0,12.0,12.0,12.180904522613066,12.633165829145728,12.99497487437186,13.266331658291458,13.537688442211055,6.79003806732227
300,12.0,12.0,12.0,12.0,12.0,12.0,12.0,12.0,12.180904522613066,12.633165829145728,12.99497487437186,13.266331658291458,13.537688442211055,6.797222363880129
301,12.0,12.0,12.0,12.0,12.0,12.0,12.0,12.0,12.180904522613066,12.633165829145728,12.99497487437186,13.266331658291458,13.447236180904522,6.80439150563061
302,12.0,12.0,12.0,12.0,12.0,12.0,12.0,12.0,12.180904522613066,12.633165829145728,12.99497487437186,13.175879396984925,13.447236180904522,6.811545572241924
303,12.0,12.0,12.0,12.0,12.0,12.0,12.0,12.0,12.090452261306533,12.633165829145728,12.904522613065327,13.175879396984925,13.447236180904522,6.818684642714291
304,12.0,12.0,12.0,12.0,12.0,12.0,12.0,12.0,12.090452261306533,12.542713567839195,12.904522613065327,13.175879396984925,13.447236180904522,6.825808795387613
305,12.0,12.0,12.0,12.0,12.0,12.0,12.0,12.0,12.090452261306533,12.542713567839195,12.904522613065327,13.175879396984925,13.447236180904522,6.83291810794904
306,12.0,12.0,12.0,12.0,12.0,12.0,12.0,12.0,12.090452261306533,12.542713567839195,12.904522613065327,13.085427135678392,13.35678391959799,6.840012657440427
307,12.0,12.0,12.0,12.0,12.0,12.0,12.0,12.0,12.090452261306533,12.542713567839195,12.904522613065327,13.085427135678392,13.35678391959799,6.847092520265679
308,12.0,12.0,12.0,12.0,12.0,12.0,12.0,12.0,12.0,12.542713567839195,12.814070351758794,13.085427135678392,13.35678391959799,6.854157772197993
309,12.0,12.0,12.0,12.0,12.0,12.0,12.0,12.0,12.0,12.452261306532664,12.814070351758794,13.085427135678392,13.35678391959799,6.8612084883869935
310,12.0,12.0,12.0,12.0,12.0,12.0,12.0,12.0,12.0,12.452261306532664,12.814070351758794,13.085427135678392,13.35678391959799,6.8682447433657705
311,12.0,12.0,12.0,12.0,12.0,12.0,12.0,12.0,12.0,12.452261306532664,12.814070351758794,12.99497487437186,13.266331658291458,6.875266611057809
312,12.0,12.0,12.0,12.0,12.0,12.0,12.0,12.0,12.0,12.452261306532664,12.814070351758794,12.99497487437186,13.266331658291458,6.8822741647838255
313,12.0,12.0,12.0,12.0,12.0,12.0,12.0,12.0,12.0,12.452261306532664,12.72361809045226,12.99497487437186,13.266331658291458,6.889267477268505
314,12.0,12.0,12.0,12.0,12.0,12.0,12.0,12.0,12.0,12.361809045226131,12.72361809045226,12.99497487437186,13.266331658291458,6.896246620647144
315,12.0,12.0,12.0,12.0,12.0,12.0,12.0,12.0,12.0,12.361809045226131,12.72361809045226,12.99497487437186,13.266331658291458,6.903211666472198
316,12.0,12.0,12.0,12.0,12.0,12.0,12.0,12.0,12.0,12.361809045226131,12.72361809045226,12.904522613065327,13.175879396984925,6.910162685719735
317,12.0,12.0,12.0,12.0,12.0,12.0,12.0,12.0,12.0,12.361809045226131,12.72361809045226,12.904522613065327,13.175879396984925,6.917099748795804
318,12.0,12.0,12.0,12.0,12.0,12.0,12.0,12.0,12.0,12.361809045226131,12.633165829145728,12.904522613065327,13.175879396984925,6.92402292554271
319,12.0,12.0,12.0,12.0,12.0,12.0,12.0,12.0,12.0,12.271356783919598,12.633165829145728,12.904522613065327,13.175879396984925,6.930932285245197
320,12.0,12.0,12.0,12.0,12.0,12.0,12.0,12.0,12.0,12.271356783919598,12.633165829145728,12.904522613065327,13.175879396984925,6.937827896636557
321,12.0,12.0,12.0,12.0,12.0,12.0,12.0,12.0,12.0,12.271356783919598,12.633165829145728,12.904522613065327,13.085427135678392,6.944709827904647
322,12.0,12.0,12.0,12.0,12.0,12.0,12.0,12.0,12.0,12.271356783919598,12.633165829145728,12.814070351758794,13.085427135678392,6.9515781466978135
323,12.0,12.0,12.0,12.0,12.0,12.0,12.0,12.0,12.0,12.271356783919598,12.542713567839195,12.814070351758794,13.085427135678392,6.958432920130756
324,12.0,12.0,12.0,12.0,12.0,12.0,12.0,12.0,12.0,12.180904522613066,12.542713567839195,12.814070351758794,13.085427135678392,6.965274214790292
325,12.0,12.0,12.0,12.0,12.0,12.0,12.0,12.0,12.0,12.180904522613066,12.542713567839195,12.814070351758794,13.085427135678392,6.97210209674105
326,12.0,12.0,12.0,12.0,12.0,12.0,12.0,12.0,12.0,12.180904522613066,12.542713567839195,12.814070351758794,12.99497487437186,6.978916631531084
327,12.0,12.0,12.0,12.0,12.0,12.0,12.0,12.0,12.0,12.180904522613066,12.542713567839195,12.72361809045226,12.99497487437186,6.985717884197414
328,12.0,12.0,12.0,12.0,12.0,12.0,12.0,12.0,12.0,12.180904522613066,12.452261306532664,12.72361809045226,12.99497487437186,6.9925059192714825
329,12.0,12.0,12.0,12.0,12.0,12.0,12.0,12.0,12.0,12.090452261306533,12.452261306532664,12.72361809045226,12.99497487437186,6.999280800784548
330,12.0,12.0,12.0,12.0,12.0,12.0,12.0,12.0,12.0,12.090452261306533,12.452261306532664,12.72361809045226,12.99497487437186,7.006042592272997
331,12.0,12.0,12.0,12.0,12.0,12.0,12.0,12.0,12.0,12.090452261306533,12.452261306532664,12.72361809045226,12.99497487437186,7.01279135678359
332,12.0,12.0,12.0,12.0,12.0,12.0,12.0,12.0,12.0,12.090452261306533,12.452261306532664,12.633165829145728,12.904522613065327,7.019527156878636
333,12.0,12.0,12.0,12.0,12.0,12.0,12.0,12.0,12.0,12.090452261306533,12.452261306532664,12.633165829145728,12.904522613065327,7.026250054641091
334,12.0,12.0,12.0,12.0,12.0,12.0,12.0,12.0,12.0,12.090452261306533,12.361809045226131,12.633165829145728,12.904522613065327,7.032960111679598
335,12.0,12.0,12.0,12.0,12.0,12.0,12.0,12.0,12.0,12.0,12.361809045226131,12.633165829145728,12.904522613065327,7.0396573891334535
336,12.0,12.0,12.0,12.0,12.0,12.0,12.0,12.0,12.0,12.0,12.361809045226131,12.633165829145728,12.904522613065327,7.0463419476775115
337,12.0,12.0,12.0,12.0,12.0,12.0,12.0,12.0,12.0,12.0,12.361809045226131,12.633165829145728,12.904522613065327,7.05301384752702
338,12.0,12.0,12.0,12.0,12.0,12.0,12.0,12.0,12.0,12.0,12.361809045226131,12.542713567839195,12.814070351758794,7.059673148442394
339,12.0,12.0,12.0,12.0,12.0,12.0,12.0,12.0,12.0,12.0,12.271356783919598,12.542713567839195,12.814070351758794,7.066319909733925
340,12.0,12.0,12.0,12.0,12.0,12.0,12.0,12.0,12.0,12.0,12.271356783919598,12.542713567839195,12.814070351758794,7.072954190266435
341,12.0,12.0,12.0,12.0,12.0,12.0,12.0,12.0,12.0,12.0,12.271356783919598,12.542713567839195,12.814070351758794,7.079576048463856
342,12.0,12.0,12.0,12.0,12.0,12.0,12.0,12.0,12.0,12.0,12.271356783919598,12.542713567839195,12.814070351758794,7.086185542313767
343,12.0,12.0,12.0,12.0,12.0,12.0,12.0,12.0,12.0,12.0,12.271356783919598,12.542713567839195,12.72361809045226,7.0927827293718515
344,12.0,12.0,12.0,12.0,12.0,12.0,12.0,12.0,12.0,12.0,12.271356783919598,12.452261306532664,12.72361809045226,7.0993676667663195
345,12.0,12.0,12.0,12.0,12.0,12.0,12.0,12.0,12.0,12.0,12.180904522613066,12.452261306532664,12.72361809045226,7.105940411202254
346,12.0,12.0,12.0,12.0,12.0,12.0,12.0,12.0,12.0,12.0,12.180904522613066,12.452261306532664,12.72361809045226,7.112501018965911
347,12.0,12.0,12.0,12.0,12.0,12.0,12.0,12.0,12.0,12.0,12.180904522613066,12.452261306532664,12.72361809045226,7.119049545928958
348,12.0,12.0,12.0,12.0,12.0,12.0,12.0,12.0,12.0,12.0,12.180904522613066,12.452261306532664,12.72361809045226,7.125586047552666
349,12.0,12.0,12.0,12.0,12.0,12.0,12.0,12.0,12.0,12.0,12.180904522613066,12.361809045226131,12.633165829145728,7.132110578892042
350,12.0,12.0,12.0,12.0,12.0,12.0,12.0,12.0,12.0,12.0,12.090452261306533,12.361809045226131,12.633165829145728,7.138623194599904
351,12.0,12.0,12.0,12.0,12.0,12.0,12.0,12.0,12.0,12.0,12.090452261306533,12.361809045226131,12.633165829145728,7.1451239489309195
352,12.0,12.0,12.0,12.0,12.0,12.0,12.0,12.0,12.0,12.0,12.090452261306533,12.361809045226131,12.633165829145728,7.151612895745574
353,12.0,12.0,12.0,12.0,12.0,12.0,12.0,12.0,12.0,12.0,12.090452261306533,12.361809045226131,12.633165829145728,7.158090088514103
354,12.0,12.0,12.0,12.0,12.0,12.0,12.0,12.0,12.0,12.0,12.090452261306533,12.361809045226131,12.633165829145728,7.1645555803203695
355,12.0,12.0,12.0,12.0,12.0,12.0,12.0,12.0,12.0,12.0,12.090452261306533,12.271356783919598,12.542713567839195,7.171009423865689
356,12.0,12.0,12.0,12.0,12.0,12.0,12.0,12.0,12.0,12.0,12.0,12.271356783919598,12.542713567839195,7.177451671472615
357,12.0,12.0,12.0,12.0,12.0,12.0,12.0,12.0,12.0,12.0,12.0,12.271356783919598,12.542713567839195,7.1838823750886664
358,12.0,12.0,12.0,12.0,12.0,12.0,12.0,12.0,12.0,12.0,12.0,12.271356783919598,12.542713567839195,7.190301586290018
359,12.0,12.0,12.0,12.0,12.0,12.0,12.0,12.0,12.0,12.0,12.0,12.271356783919598,12.542713567839195,7.19670935628514
360,12.0,12.0,12.0,12.0,12.0,12.0,12.0,12.0,12.0,12.0,12.0,12.271356783919598,12.542713567839195,7.20310573591839
361,12.0,12.0,12.0,12.0,12.0,12.0,12.0,12.0,12.0,12.0,12.0,12.180904522613066,12.542713567839195,7.209490775673567
362,12.0,12.0,12.0,12.0,12.0,12.0,12.0,12.0,12.0,12.0,12.0,12.180904522613066,12.452261306532664,7.215864525677417
363,12.0,12.0,12.0,12.0,12.0,12.0,12.0,12.0,12.0,12.0,12.0,12.180904522613066,12.452261306532664,7.222227035703093
364,12.0,12.0,12.0,12.0,12.0,12.0,12.0,12.0,12.0,12.0,12.0,12.180904522613066,12.452261306532664,7.22857835517358
365,12.0,12.0,12.0,12.0,12.0,12.0,12.0,12.0,12.0,12.0,12.0,12.180904522613066,12.452261306532664,7.234918533165072
366,12.0,12.0,12.0,12.0,12.0,12.0,12.0,12.0,12.0,12.0,12.0,12.180904522613066,12.452261306532664,7.2412476184103065
367,12.0,12.0,12.0,12.0,12.0,12.0,12.0,12.0,12.0,12.0,12.0,12.180904522613066,12.452261306532664,7.247565659301864
368,12.0,12.0,12.0,12.0,12.0,12.0,12.0,12.0,12.0,12.0,12.0,12.090452261306533,12.361809045226131,7.253872703895422
369,12.0,12.0,12.0,12.0,12.0,12.0,12.0,12.0,12.0,12.0,12.0,12.090452261306533,12.361809045226131,7.260168799912976
370,12.0,12.0,12.0,12.0,12.0,12.0,12.0,12.0,12.0,12.0,12.0,12.090452261306533,12.361809045226131,7.266453994746009
371,12.0,12.0,12.0,12.0,12.0,12.0,12.0,12.0,12.0,12.0,12.0,12.090452261306533,12.361809045226131,7.27272833545864
372,12.0,12.0,12.0,12.0,12.0,12.0,12.0,12.0,12.0,12.0,12.0,12.090452261306533,12.361809045226131,7.278991868790718
373,12.0,12.0,12.0,12.0,12.0,12.0,12.0,12.0,12.0,12.0,12.0,12.090452261306533,12.361809045226131,7.285244641160889
374,12.0,12.0,12.0,12.0,12.0,12.0,12.0,12.0,12.0,12.0,12.0,12.0,12.271356783919598,7.291486698669625
375,12.0,12.0,12.0,12.0,12.0,12.0,12.0,12.0,12.0,12.0,12.0,12.0,12.271356783919598,7.297718087102213
376,12.0,12.0,12.0,12.0,12.0,12.0,12.0,12.0,12.0,12.0,12.0,12.0,12.271356783919598,7.303938851931709
377,12.0,12.0,12.0,12.0,12.0,12.0,12.0,12.0,12.0,12.0,12.0,12.0,12.271356783919598,7.310149038321861
378,12.0,12.0,12.0,12.0,12.0,12.0,12.0,12.0,12.0,12.0,12.0,12.0,12.271356783919598,7.3163486911299955
379,12.0,12.0,12.0,12.0,12.0,12.0,12.0,12.0,12.0,12.0,12.0,12.0,12.271356783919598,7.3225378549098625
380,12.0,12.0,12.0,12.0,12.0,12.0,12.0,12.0,12.0,12.0,12.0,12.0,12.271356783919598,7.328716573914463
381,12.0,12.0,12.0,12.0,12.0,12.0,12.0,12.0,12.0,12.0,12.0,12.0,12.180904522613066,7.334884892098823
382,12.0,12.0,12.0,12.0,12.0,12.0,12.0,12.0,12.0,12.0,12.0,12.0,12.180904522613066,7.341042853122754
383,12.0,12.0,12.0,12.0,12.0,12.0,12.0,12.0,12.0,12.0,12.0,12.0,12.180904522613066,7.347190500353566
384,12.0,12.0,12.0,12.0,12.0,12.0,12.0,12.0,12.0,12.0,12.0,12.0,12.180904522613066,7.353327876868761
385,12.0,12.0,12.0,12.0,12.0,12.0,12.0,12.0,12.0,12.0,12.0,12.0,12.180904522613066,7.359455025458683
386,12.0,12.0,12.0,12.0,12.0,12.0,12.0,12.0,12.0,12.0,12.0,12.0,12.180904522613066,7.365571988629149
387,12.0,12.0,12.0,12.0,12.0,12.0,12.0,12.0,12.0,12.0,12.0,12.0,12.180904522613066,7.371678808604043
388,12.0,12.0,12.0,12.0,12.0,12.0,12.0,12.0,12.0,12.0,12.0,12.0,12.090452261306533,7.3777755273278744
389,12.0,12.0,12.0,12.0,12.0,12.0,12.0,12.0,12.0,12.0,12.0,12.0,12.090452261306533,7.383862186468324
390,12.0,12.0,12.0,12.0,12.0,12.0,12.0,12.0,12.0,12.0,12.0,12.0,12.090452261306533,7.389938827418742
391,12.0,12.0,12.0,12.0,12.0,12.0,12.0,12.0,12.0,12.0,12.0,12.0,12.090452261306533,7.396005491300628
392,12.0,12.0,12.0,12.0,12.0,12.0,12.0,12.0,12.0,12.0,12.0,12.0,12.090452261306533,7.402062218966082
393,12.0,12.0,12.0,12.0,12.0,12.0,12.0,12.0,12.0,12.0,12.0,12.0,12.090452261306533,7.408109051000219
394,12.0,12.0,12.0,12.0,12.0,12.0,12.0,12.0,12.0,12.0,12.0,12.0,12.090452261306533,7.414146027723568
395,12.0,12.0,12.0,12.0,12.0,12.0,12.0,12.0,12.0,12.0,12.0,12.0,12.0,7.420173189194437
396,12.0,12.0,12.0,12.0,12.0,12.0,12.0,12.0,12.0,12.0,12.0,12.0,12.0,7.426190575211252
397,12.0,12.0,12.0,12.0,12.0,12.0,12.0,12.0,12.0,12.0,12.0,12.0,12.0,7.432198225314867
398,12.0,12.0,12.0,12.0,12.0,12.0,12.0,12.0,12.0,12.0,12.0,12.0,12.0,7.438196178790852
399,12.0,12.0,12.0,12.0,12.0,12.0,12.0,12.0,12.0,12.0,12.0,12.0,12.0,7.444184474671757
400,12.0,12.0,12.0,12.0,12.0,12.0,12.0,12.0,12.0,12.0,12.0,12.0,12.0,7.450163151739343
401,12.0,12.0,12.0,12.0,12.0,12.0,12.0,12.0,12.0,12.0,12.0,12.0,12.0,7.456132248526793
402,12.0,12.0,12.0,12.0,12.0,12.0,12.0,12.0,12.0,12.0,12.0,12.0,12.0,7.462091803320901
403,12.0,12.0,12.0,12.0,12.0,12.0,12.0,12.0,12.0,12.0,12.0,12.0,12.0,7.4680418541642295
404,12.0,12.0,12.0,12.0,12.0,12.0,12.0,12.0,12.0,12.0,12.0,12.0,12.0,7.473982438857244
405,12.0,12.0,12.0,12.0,12.0,12.0,12.0,12.0,12.0,12.0,12.0,12.0,12.0,7.479913594960436
406,12.0,12.0,12.0,12.0,12.0,12.0,12.0,12.0,12.0,12.0,12.0,12.0,12.0,7.485835359796402
407,12.0,12.0,12.0,12.0,12.0,12.0,12.0,12.0,12.0,12.0,12.0,12.0,12.0,7.4917477704519175
408,12.0,12.0,12.0,12.0,12.0,12.0,12.0,12.0,12.0,12.0,12.0,12.0,12.0,7.497650863779977
409,12.0,12.0,12.0,12.0,12.0,12.0,12.0,12.0,12.0,12.0,12.0,12.0,12.0,7.503544676401817
410,12.0,12.0,12.0,12.0,12.0,12.0,12.0,12.0,12.0,12.0,12.0,12.0,12.0,7.509429244708918
411,12.0,12.0,12.0,12.0,12.0,12.0,12.0,12.0,12.0,12.0,12.0,12.0,12.0,7.515304604864976
412,12.0,12.0,12.0,12.0,12.0,12.0,12.0,12.0,12.0,12.0,12.0,12.0,12.0,7.5211707928078635
413,12.0,12.0,12.0,12.0,12.0,12.0,12.0,12.0,12.0,12.0,12.0,12.0,12.0,7.5270278442515615
414,12.0,12.0,12.0,12.0,12.0,12.0,12.0,12.0,12.0,12.0,12.0,12.0,12.0,7.532875794688072
415,12.0,12.0,12.0,12.0,12.0,12.0,12.0,12.0,12.0,12.0,12.0,12.0,12.0,7.5387146793893125
416,12.0,12.0,12.0,12.0,12.0,12.0,12.0,12.0,12.0,12.0,12.0,12.0,12.0,7.54454453340899
417,12.0,12.0,12.0,12.0,12.0,12.0,12.0,12.0,12.0,12.0,12.0,12.0,12.0,7.550365391584449
418,12.0,12.0,12.0,12.0,12.0,12.0,12.0,12.0,12.0,12.0,12.0,12.0,12.0,7.556177288538503
419,12.0,12.0,12.0,12.0,12.0,12.0,12.0,12.0,12.0,12.0,12.0,12.0,12.0,7.561980258681254
420,12.0,12.0,12.0,12.0,12.0,12.0,12.0,12.0,12.0,12.0,12.0,12.0,12.0,7.567774336211875
421,12.0,12.0,12.0,12.0,12.0,12.0,12.0,12.0,12.0,12.0,12.0,12.0,12.0,7.573559555120393
422,12.0,12.0,12.0,12.0,12.0,12.0,12.0,12.0,12.0,12.0,12.0,12.0,12.0,7.579335949189436
423,12.0,12.0,12.0,12.0,12.0,12.0,12.0,12.0,12.0,12.0,12.0,12.0,12.0,7.585103551995975
424,12.0,12.0,12.0,12.0,12.0,12.0,12.0,12.0,12.0,12.0,12.0,12.0,12.0,7.59086239691304
425,12.0,12.0,12.0,12.0,12.0,12.0,12.0,12.0,12.0,12.0,12.0,12.0,12.0,7.596612517111416
426,12.0,12.0,12.0,12.0,12.0,12.0,12.0,12.0,12.0,12.0,12.0,12.0,12.0,7.6023539455613305
427,12.0,12.0,12.0,12.0,12.0,12.0,12.0,12.0,12.0,12.0,12.0,12.0,12.0,7.608086715034109
428,12.0,12.0,12.0,12.0,12.0,12.0,12.0,12.0,12.0,12.0,12.0,12.0,12.0,7.613810858103831
429,12.0,12.0,12.0,12.0,12.0,12.0,12.0,12.0,12.0,12.0,12.0,12.0,12.0,7.619526407148949
430,12.0,12.0,12.0,12.0,12.0,12.0,12.0,12.0,12.0,12.0,12.0,12.0,12.0,7.625233394353907
431,12.0,12.0,12.0,12.0,12.0,12.0,12.0,12.0,12.0,12.0,12.0,12.0,12.0,7.6309318517107325
432,12.0,12.0,12.0,12.0,12.0,12.0,12.0,12.0,12.0,12.0,12.0,12.0,12.0,7.636621811020616
433,12.0,12.0,12.0,12.0,12.0,12.0,12.0,12.0,12.0,12.0,12.0,12.0,12.0,7.6423033038954715
434,12.0,12.0,12.0,12.0,12.0,12.0,12.0,12.0,12.0,12.0,12.0,12.0,12.0,7.647976361759484
435,12.0,12.0,12.0,12.0,12.0,12.0,12.0,12.0,12.0,12.0,12.0,12.0,12.0,7.653641015850635
436,12.0,12.0,12.0,12.0,12.0,12.0,12.0,12.0,12.0,12.0,12.0,12.0,12.0,7.6592972972222215
437,12.0,12.0,12.0,12.0,12.0,12.0,12.0,12.0,12.0,12.0,12.0,12.0,12.0,7.66494523674435
438,12.0,12.0,12.0,12.0,12.0,12.0,12.0,12.0,12.0,12.0,12.0,12.0,12.0,7.67058486510542
439,12.0,12.0,12.0,12.0,12.0,12.0,12.0,12.0,12.0,12.0,12.0,12.0,12.0,7.676216212813595
440,12.0,12.0,12.0,12.0,12.0,12.0,12.0,12.0,12.0,12.0,12.0,12.0,12.0,7.681839310198249
441,12.0,12.0,12.0,12.0,12.0,12.0,12.0,12.0,12.0,12.0,12.0,12.0,12.0,7.687454187411408
442,12.0,12.0,12.0,12.0,12.0,12.0,12.0,12.0,12.0,12.0,12.0,12.0,12.0,7.69306087442917
443,12.0,12.0,12.0,12.0,12.0,12.0,12.0,12.0,12.0,12.0,12.0,12.0,12.0,7.698659401053117
444,12.0,12.0,12.0,12.0,12.0,12.0,12.0,12.0,12.0,12.0,12.0,12.0,12.0,7.704249796911707
445,12.0,12.0,12.0,12.0,12.0,12.0,12.0,12.0,12.0,12.0,12.0,12.0,12.0,7.709832091461651
446,12.0,12.0,12.0,12.0,12.0,12.0,12.0,12.0,12.0,12.0,12.0,12.0,12.0,7.715406313989285
447,12.0,12.0,12.0,12.0,12.0,12.0,12.0,12.0,12.0,12.0,12.0,12.0,12.0,7.720972493611917
448,12.0,12.0,12.0,12.0,12.0,12.0,12.0,12.0,12.0,12.0,12.0,12.0,12.0,7.7265306592791685
449,12.0,12.0,12.0,12.0,12.0,12.0,12.0,12.0,12.0,12.0,12.0,12.0,12.0,7.732080839774295
450,12.0,12.0,12.0,12.0,12.0,12.0,12.0,12.0,12.0,12.0,12.0,12.0,12.0,7.737623063715506
451,12.0,12.0,12.0,12.0,12.0,12.0,12.0,12.0,12.0,12.0,12.0,12.0,12.0,7.743157359557255
452,12.0,12.0,12.0,12.0,12.0,12.0,12.0,12.0,12.0,12.0,12.0,12.0,12.0,7.748683755591528
453,12.0,12.0,12.0,12.0,12.0,12.0,12.0,12.0,12.0,12.0,12.0,12.0,12.0,7.75420227994912
454,12.0,12.0,12.0,12.0,12.0,12.0,12.0,12.0,12.0,12.0,12.0,12.0,12.0,7.75971296060089
455,12.0,12.0,12.0,12.0,12.0,12.0,12.0,12.0,12.0,12.0,12.0,12.0,12.0,7.765215825359011
456,12.0,12.0,12.0,12.0,12.0,12.0,12.0,12.0,12.0,12.0,12.0,12.0,12.0,7.770710901878204
457,12.0,12.0,12.0,12.0,12.0,12.0,12.0,12.0,12.0,12.0,12.0,12.0,12.0,7.7761982176569635
458,12.0,12.0,12.0,12.0,12.0,12.0,12.0,12.0,12.0,12.0,12.0,12.0,12.0,7.781677800038767
459,12.0,12.0,12.0,12.0,12.0,12.0,12.0,12.0,12.0,12.0,12.0,12.0,12.0,7.7871496762132715
460,12.0,12.0,12.0,12.0,12.0,12.0,12.0,12.0,12.0,12.0,12.0,12.0,12.0,7.7926138732175065
461,12.0,12.0,12.0,12.0,12.0,12.0,12.0,12.0,12.0,12.0,12.0,12.0,12.0,7.798070417937042
462,12.0,12.0,12.0,12.0,12.0,12.0,12.0,12.0,12.0,12.0,12.0,12.0,12.0,7.803519337107163
463,12.0,12.0,12.0,12.0,12.0,12.0,12.0,12.0,12.0,12.0,12.0,12.0,12.0,7.80896065731401
464,12.0,12.0,12.0,12.0,12.0,12.0,12.0,12.0,12.0,12.0,12.0,12.0,12.0,7.81439440499573
465,12.0,12.0,12.0,12.0,12.0,12.0,12.0,12.0,12.0,12.0,12.0,12.0,12.0,7.819820606443605
466,12.0,12.0,12.0,12.0,12.0,12.0,12.0,12.0,12.0,12.0,12.0,12.0,12.0,7.825239287803165
467,12.0,12.0,12.0,12.0,12.0,12.0,12.0,12.0,12.0,12.0,12.0,12.0,12.0,7.830650475075307
468,12.0,12.0,12.0,12.0,12.0,12.0,12.0,12.0,12.0,12.0,12.0,12.0,12.0,7.836054194117387
469,12.0,12.0,12.0,12.0,12.0,12.0,12.0,12.0,12.0,12.0,12.0,12.0,12.0,7.841450470644305
470,12.0,12.0,12.0,12.0,12.0,12.0,12.0,12.0,12.0,12.0,12.0,12.0,12.0,7.846839330229588
471,12.0,12.0,12.0,12.0,12.0,12.0,12.0,12.0,12.0,12.0,12.0,12.0,12.0,7.852220798306451
472,12.0,12.0,12.0,12.0,12.0,12.0,12.0,12.0,12.0,12.0,12.0,12.0,12.0,7.857594900168857
473,12.0,12.0,12.0,12.0,12.0,12.0,12.0,12.0,12.0,12.0,12.0,12.0,12.0,7.862961660972563
474,12.0,12.0,12.0,12.0,12.0,12.0,12.0,12.0,12.0,12.0,12.0,12.0,12.0,7.868321105736155
475,12.0,12.0,12.0,12.0,12.0,12.0,12.0,12.0,12.0,12.0,12.0,12.0,12.0,7.8736732593420715
476,12.0,12.0,12.0,12.0,12.0,12.0,12.0,12.0,12.0,12.0,12.0,12.0,12.0,7.879018146537627
477,12.0,12.0,12.0,12.0,12.0,12.0,12.0,12.0,12.0,12.0,12.0,12.0,12.0,7.884355791936013
478,12.0,12.0,12.0,12.0,12.0,12.0,12.0,12.0,12.0,12.0,12.0,12.0,12.0,7.889686220017298
479,12.0,12.0,12.0,12.0,12.0,12.0,12.0,12.0,12.0,12.0,12.0,12.0,12.0,7.895009455129416
480,12.0,12.0,12.0,12.0,12.0,12.0,12.0,12.0,12.0,12.0,12.0,12.0,12.0,7.900325521489144
481,12.0,12.0,12.0,12.0,12.0,12.0,12.0,12.0,12.0,12.0,12.0,12.0,12.0,7.905634443183071
482,12.0,12.0,12.0,12.0,12.0,12.0,12.0,12.0,12.0,12.0,12.0,12.0,12.0,7.91093624416856
483,12.0,12.0,12.0,12.0,12.0,12.0,12.0,12.0,12.0,12.0,12.0,12.0,12.0,7.916230948274697
484,12.0,12.0,12.0,12.0,12.0,12.0,12.0,12.0,12.0,12.0,12.0,12.0,12.0,7.921518579203237
485,12.0,12.0,12.0,12.0,12.0,12.0,12.0,12.0,12.0,12.0,12.0,12.0,12.0,7.926799160529537
486,12.0,12.0,12.0,12.0,12.0,12.0,12.0,12.0,12.0,12.0,12.0,12.0,12.0,7.932072715703476
487,12.0,12.0,12.0,12.0,12.0,12.0,12.0,12.0,12.0,12.0,12.0,12.0,12.0,7.937339268050377
488,12.0,12.0,12.0,12.0,12.0,12.0,12.0,12.0,12.0,12.0,12.0,12.0,12.0,7.942598840771915
489,12.0,12.0,12.0,12.0,12.0,12.0,12.0,12.0,12.0,12.0,12.0,12.0,12.0,7.947851456947011
490,12.0,12.0,12.0,12.0,12.0,12.0,12.0,12.0,12.0,12.0,12.0,12.0,12.0,7.95309713953273
491,12.0,12.0,12.0,12.0,12.0,12.0,12.0,12.0,12.0,12.0,12.0,12.0,12.0,7.958335911365159
492,12.0,12.0,12.0,12.0,12.0,12.0,12.0,12.0,12.0,12.0,12.0,12.0,12.0,7.963567795160284
493,12.0,12.0,12.0,12.0,12.0,12.0,12.0,12.0,12.0,12.0,12.0,12.0,12.0,7.968792813514856
494,12.0,12.0,12.0,12.0,12.0,12.0,12.0,12.0,12.0,12.0,12.0,12.0,12.0,7.974010988907251
495,12.0,12.0,12.0,12.0,12.0,12.0,12.0,12.0,12.0,12.0,12.0,12.0,12.0,7.9792223436983205
496,12.0,12.0,12.0,12.0,12.0,12.0,12.0,12.0,12.0,12.0,12.0,12.0,12.0,7.984426900132234
497,12.0,12.0,12.0,12.0,12.0,12.0,12.0,12.0,12.0,12.0,12.0,12.0,12.0,7.989624680337314
498,12.0,12.0,12.0,12.0,12.0,12.0,12.0,12.0,12.0,12.0,12.0,12.0,12.0,7.994815706326866
499,12.0,12.0,12.0,12.0,12.0,12.0,12.0,12.0,12.0,12.0,12.0,12.0,12.0,7.999999999999999
